bus_i,link,lon,lat,typ,State,BA_Assumption
218,source,-78.922914,36.011074,sub_station,NC,DUK
319,source,-78.951886,35.632229,station,NC,DUK
321,source,-78.745282,35.758303,substation,NC,DUK
322,source,-78.74978,35.950599,substation,NC,DUK
323,source,-78.76575,35.889275,station,NC,DUK
324,source,-78.707617,35.817977,substation,NC,DUK
325,source,-78.789838,35.789181,substation,NC,DUK
326,source,-78.817067,35.926849,station,NC,DUK
328,source,-78.682415,35.790881,station,NC,DUK
333,source,-78.694195,35.829039,substation,NC,DUK
334,sink,-78.700057,35.872692,station,NC,DUK
340,source,-78.295455,35.523445,substation,NC,CPLE
1500,source,-78.896058,35.903111,substation,NC,DUK
1506,source,-78.924941,36.056767,station,NC,DUK
1508,source,-78.879884,36.004032,station,NC,DUK
1514,source,-79.072248,36.480931,substation,NC,DUK
1517,source,-78.812663,36.06384,station,NC,DUK
1572,source,-79.754264,35.941427,substation,NC,DUK
1575,source,-79.656553,35.966989,substation,NC,DUK
1586,source,-78.938776,36.012324,station,NC,DUK
1754,source,-78.557883,35.938382,station,NC,DUK
1834,source,-78.888505,36.524868,substation,NC,DUK
1837,source,-78.452034,35.781983,substation,NC,DUK
1850,source,-79.075605,35.967325,substation,NC,DUK
1851,source,-79.094345,35.920867,substation,NC,DUK
1924,source,-78.782052,34.879166,station,NC,CPLE
1960,source,-76.580358,36.710471,substation,Outside of NC,PJM
2042,source,-77.647673,36.479846,substation,NC,CPLE
2050,source,-76.23690997,36.64361115,station,NC,PJM
2106,source,-78.852274,35.874511,substation,NC,DUK
2414,source,-77.193787,36.600571,station,Outside of NC,PJM
2415,source,-77.659063,36.445993,substation,NC,CPLE
2416,source,-77.670763,36.474642,substation,NC,CPLE
2417,source,-77.81205,36.491308,substation,NC,CPLE
2418,source,-77.585072,36.718216,substation,Outside of NC,PJM
2907,source,-79.033692,36.001567,substation,NC,DUK
3087,source,-76.09001251,36.43617285,station,NC,PJM
3088,source,-76.079807,36.384758,station,NC,PJM
3484,source,-78.846554,36.027362,station,NC,DUK
3485,source,-78.768603,36.131782,station,NC,DUK
3492,source,-78.879168,36.091792,substation,NC,DUK
3493,source,-78.849616,36.097881,substation,NC,DUK
3494,source,-78.855927,36.131905,substation,NC,DUK
3497,source,-78.851162,36.065162,station,NC,DUK
3498,source,-78.778022,36.125185,sub_station,NC,DUK
3861,source,-78.851515,35.884536,substation,NC,DUK
4093,source,-81.036293,36.176402,station,NC,DUK
4095,source,-80.90337,35.431705,sub_station,NC,DUK
4096,source,-80.894203,35.475362,station,NC,DUK
4097,source,-80.911972,35.427301,joint,NC,DUK
4098,source,-80.878663,35.457485,sub_station,NC,DUK
4099,source,-81.033476,35.432797,station,NC,DUK
4166,sink,-79.05692161,35.89211886,substation,NC,DUK
4169,source,-79.062016,35.907517,sub_station,NC,DUK
4459,source,-80.883922,35.174468,station,NC,DUK
4472,source,-80.692488,35.312935,substation,NC,DUK
4473,source,-80.600973,35.72283,station,NC,DUK
4475,source,-81.190209,35.224077,station,Outside of NC,DUK
4478,source,-81.749595,34.895808,station,Outside of NC,DUK
4484,source,-81.767035,35.219785,station,Outside of NC,CPLW
4491,source,-81.01316,35.135796,station,NC,DUK
4496,source,-81.54413172,35.25780322,station,NC,DUK
4507,source,-81.06677,35.112961,station,Outside of NC,DUK
4517,source,-81.233495,35.281432,station,Outside of NC,DUK
5117,sink,-78.861996,35.981146,substation,NC,DUK
5608,source,-76.768762,35.851034,substation,NC,PJM
6048,source,-78.943378,36.124701,substation,NC,DUK
6131,source,-77.810138,36.496895,substation,NC,CPLE
6134,source,-78.923342,36.780588,sub_station,Outside of NC,PJM
6177,source,-79.05052,36.48109,substation,NC,DUK
6178,source,-79.082246,36.476465,substation,NC,DUK
6400,source,-78.04479,36.512326,substation,NC,CPLE
6402,source,-77.666812,36.398915,substation,NC,CPLE
6403,source,-77.929714,36.433514,sub_station,NC,CPLE
6404,source,-77.731208,36.115304,sub_station,NC,CPLE
6405,source,-77.215873,36.337965,substation,NC,PJM
6407,source,-77.079442,36.256256,station,NC,PJM
6408,source,-77.104722,36.274161,sub_station,NC,PJM
6422,source,-76.46146,36.222606,sub_station,NC,CPLE
6423,source,-76.893427,36.370949,substation,NC,PJM
6586,sink,-76.769009,35.862341,substation,NC,PJM
6641,source,-80.701756,35.097594,substation,NC,DUK
6646,source,-80.952106,35.429413,sub_station,NC,DUK
6647,source,-80.98646,35.357167,substation,NC,DUK
6650,source,-79.038462,35.591882,sub_station,NC,DUK
6651,source,-77.724613,36.015601,substation,NC,CPLE
6652,source,-80.948688,35.432831,plant,NC,DUK
6654,sink,-79.055977,36.453365,substation,NC,DUK
6655,source,-77.762697,36.052165,substation,NC,CPLE
6656,source,-77.752176,36.036928,substation,NC,CPLE
6657,source,-78.007962,33.944561,substation,NC,CPLE
6658,source,-78.043738,34.32254,substation,NC,CPLE
6659,source,-81.016223,35.216694,sub_station,NC,DUK
6660,source,-79.782449,36.176882,substation,NC,DUK
6661,source,-78.094907,35.377066,sub_station,NC,CPLE
6662,source,-80.168992,36.113465,substation,NC,DUK
6663,source,-77.574199,35.897451,substation,NC,CPLE
6664,source,-78.012118,34.332014,sub_station,NC,CPLE
6665,source,-77.759107,36.031752,substation,NC,CPLE
6666,source,-79.780001,36.124876,substation,NC,DUK
6667,source,-80.944419,35.237277,sub_station,NC,DUK
6668,source,-78.996927,34.590271,sub_station,NC,CPLE
6669,source,-80.967276,35.596567,station,NC,DUK
6670,source,-78.960662,36.433982,substation,NC,DUK
6671,source,-78.010633,33.944329,substation,NC,CPLE
6673,source,-80.791984,35.489173,sub_station,NC,DUK
6674,sink,-78.039427,34.324036,substation,NC,CPLE
6675,source,-79.013295,34.617445,sub_station,NC,CPLE
6676,source,-78.001486,33.942696,sub_station,NC,CPLE
6677,source,-77.538913,35.891111,substation,NC,CPLE
6678,source,-79.780789,36.122491,substation,NC,DUK
6679,source,-77.44184641,35.36253502,substation,NC,CPLE
6680,source,-80.985851,35.23511,sub_station,NC,DUK
6681,source,-77.619184,36.437013,substation,NC,CPLE
6682,source,-80.062538,36.279382,substation,NC,DUK
6683,sink,-79.78644,36.179856,substation,NC,DUK
6684,source,-81.747072,35.227079,substation,Outside of NC,DUK
6685,source,-80.375549,35.709697,sub_station,NC,DUK
6687,source,-78.227603,34.325777,substation,NC,CPLE
6688,source,-78.043489,33.973733,sub_station,NC,CPLE
6689,source,-78.328818,34.038946,substation,NC,CPLE
6690,sink,-78.047669,33.953315,sub_station,NC,CPLE
6691,source,-78.554434,35.780585,substation,NC,DUK
6692,source,-79.755162,35.723858,substation,NC,DUK
6695,source,-78.94706,35.657359,sub_station,NC,DUK
6696,source,-79.43962099,35.73681754,sub_station,NC,DUK
6697,source,-78.705782,35.645676,substation,NC,DUK
6698,source,-78.742364,35.651922,substation,NC,DUK
6699,source,-78.447986,35.863571,sub_station,NC,DUK
6700,source,-78.569641,35.730063,substation,NC,DUK
6701,source,-78.917557,35.672927,substation,NC,DUK
6703,source,-78.577777,35.669026,sub_station,NC,DUK
6888,source,-77.948413,35.811892,substation,NC,CPLE
6889,source,-78.377048,35.771622,substation,NC,DUK
6890,source,-77.994197,35.773667,substation,NC,CPLE
6891,source,-78.894153,36.4842,substation,NC,DUK
6892,source,-77.997477,35.746671,substation,NC,CPLE
6893,source,-78.366065,35.692938,substation,NC,CPLE
6894,source,-78.837791,35.576327,substation,NC,DUK
6895,source,-78.747164,35.50718,sub_station,NC,CPLE
6897,source,-78.658393,35.337004,station,NC,CPLE
6900,source,-78.711517,35.411509,substation,NC,CPLE
6901,source,-78.545895,35.395819,substation,NC,CPLE
6902,source,-78.656236,35.33473,sub_station,NC,CPLE
6903,sink,-78.304206,35.539259,substation,NC,CPLE
6904,source,-78.343712,35.567205,sub_station,NC,CPLE
6905,source,-78.772797,35.570625,substation,NC,DUK
6906,sink,-78.339039,35.477287,substation,NC,CPLE
6907,sink,-78.109658,35.436189,sub_station,NC,CPLE
6912,source,-80.381057,35.219386,sub_station,NC,DUK
6913,source,-80.950908,34.979879,joint,Outside of NC,DUK
6916,source,-80.603378,36.507168,sub_station,NC,DUK
6922,source,-80.338223,35.219057,station,NC,DUK
6930,source,-80.574267,35.46589,sub_station,NC,DUK
6938,source,-80.737286,35.483866,sub_station,NC,DUK
6939,sink,-80.880145,35.580367,substation,NC,DUK
6940,source,-80.82274,35.561652,substation,NC,DUK
6941,source,-80.840779,35.567524,sub_station,NC,DUK
6942,source,-80.705233,35.422168,sub_station,NC,DUK
6953,source,-80.300386,35.924434,sub_station,NC,DUK
6954,source,-80.328434,35.805844,sub_station,NC,DUK
6955,source,-80.275185,35.962836,substation,NC,DUK
6956,source,-80.312492,35.970927,substation,NC,DUK
6964,source,-80.29249,36.029375,sub_station,NC,DUK
6965,source,-80.36475,36.276601,sub_station,NC,DUK
6966,source,-80.556547,36.432938,substation,NC,DUK
6967,source,-80.30627,36.244754,substation,NC,DUK
6968,source,-80.439658,36.33054,sub_station,NC,DUK
6969,source,-80.598276,36.480655,sub_station,NC,DUK
6971,source,-80.636841,36.143176,sub_station,NC,DUK
6972,sink,-80.302879,36.248695,sub_station,NC,DUK
6974,source,-80.651721,36.143082,sub_station,NC,DUK
6976,sink,-80.656587,36.140799,sub_station,NC,DUK
6977,source,-80.397874,35.981041,substation,NC,DUK
6978,source,-80.692144,36.205178,sub_station,NC,DUK
6980,sink,-80.649904,36.138709,sub_station,NC,DUK
6981,source,-80.475628,36.380437,sub_station,NC,DUK
6982,source,-80.52385954,36.41410208,sub_station,NC,DUK
6984,source,-80.63312,36.125958,sub_station,NC,DUK
6986,sink,-80.362819,36.246883,substation,NC,DUK
6987,source,-80.645202,36.495529,sub_station,NC,DUK
6991,source,-80.63002827,36.44947552,sub_station,NC,DUK
7011,source,-79.83299,36.330792,substation,NC,DUK
7014,source,-79.752649,36.366014,substation,NC,DUK
7026,sink,-79.72188,36.158341,substation,NC,DUK
7031,source,-79.812887,35.893395,sub_station,NC,DUK
7041,sink,-80.01384,36.018238,substation,NC,DUK
7044,source,-81.129553,36.161508,sub_station,Outside of NC,DUK
7045,source,-81.110449,36.177252,sub_station,Outside of NC,DUK
7046,source,-81.050885,36.173209,sub_station,Outside of NC,DUK
7047,sink,-81.034616,36.199902,sub_station,NC,DUK
7049,source,-80.818474,36.221086,sub_station,NC,DUK
7050,source,-79.01459655,35.41514013,substation,NC,CPLE
7061,source,-78.997355,35.324175,substation,NC,CPLE
7062,sink,-78.263876,34.42345,substation,NC,CPLE
7064,source,-78.99437195,35.21481901,substation,NC,CPLE
7065,source,-79.02982,35.03882,substation,NC,CPLE
7066,source,-78.995557,35.196802,substation,NC,CPLE
7067,source,-79.022133,35.068281,substation,NC,CPLE
7089,source,-78.686195,34.326788,substation,NC,CPLE
7091,source,-78.80631424,34.74184699,substation,NC,CPLE
7092,source,-78.80745,34.745513,substation,NC,CPLE
7555,source,-78.862645,36.478689,sub_station,NC,DUK
7557,source,-78.891034,36.260287,sub_station,NC,DUK
7559,source,-78.913373,36.490303,substation,NC,DUK
7566,source,-78.811692,35.909525,substation,NC,DUK
7587,source,-78.825624,35.76203,sub_station,NC,DUK
7588,source,-78.841643,35.819497,substation,NC,DUK
7589,source,-78.894045,35.820016,sub_station,NC,DUK
7590,source,-78.805784,35.799246,substation,NC,DUK
7591,source,-78.827713,35.75046,substation,NC,DUK
7592,sink,-78.797537,35.986614,substation,NC,DUK
7597,source,-78.504563,35.716162,sub_station,NC,DUK
7599,source,-78.654238,35.908656,substation,NC,DUK
7600,source,-78.716953,35.918533,substation,NC,DUK
7601,source,-78.578126,35.924641,substation,NC,DUK
7602,source,-78.62386,35.901162,substation,NC,DUK
7607,sink,-78.561781,35.828273,sub_station,NC,DUK
7608,source,-78.571123,35.859629,substation,NC,DUK
7618,source,-78.638705,35.52888,sub_station,NC,CPLE
7619,source,-78.827826,35.098895,substation,NC,CPLE
7699,source,-78.916656,35.021024,station,NC,CPLE
7700,sink,-78.790651,35.113589,substation,NC,CPLE
7701,source,-78.870562,35.128251,substation,NC,CPLE
7702,source,-78.891896,35.131116,substation,NC,CPLE
7703,source,-78.91189,35.140327,substation,NC,CPLE
9412,sink,-80.885995,35.659925,sub_station,NC,DUK
9413,source,-77.892807,34.385872,sub_station,NC,CPLE
9414,source,-80.156794,36.07175,substation,NC,DUK
9418,source,-77.980439,34.722841,substation,NC,CPLE
9419,source,-77.962758,34.724487,substation,NC,CPLE
9439,source,-77.51520325,34.76259607,substation,NC,CPLE
9440,source,-77.447015,34.803335,substation,NC,CPLE
9441,source,-77.830294,34.474766,sub_station,NC,CPLE
9453,sink,-77.42781129,34.75745575,substation,NC,CPLE
9454,source,-77.2247108,34.81279749,sub_station,NC,CPLE
9455,source,-77.384386,34.759389,substation,NC,CPLE
9456,source,-77.181511,34.851817,joint,NC,CPLE
9457,source,-77.328387,34.741827,sub_station,NC,CPLE
9458,source,-77.422875,34.777623,substation,NC,CPLE
9477,source,-76.90893309,34.85890064,sub_station,NC,CPLE
9479,source,-77.210003,35.056918,substation,NC,CPLE
9480,source,-77.123575,35.141329,station,NC,CPLE
9483,source,-77.168434,35.128478,sub_station,NC,CPLE
9484,source,-77.664628,35.222287,station,NC,CPLE
9487,source,-78.060215,35.303815,sub_station,NC,CPLE
9488,source,-78.030352,35.260111,sub_station,NC,CPLE
9505,source,-77.762255,35.747654,sub_station,NC,CPLE
9506,source,-77.763354,35.749436,sub_station,NC,CPLE
9507,sink,-77.710457,35.706093,sub_station,NC,CPLE
9508,source,-77.365511,35.625824,substation,NC,CPLE
9820,source,-78.762113,34.563374,station,NC,CPLE
9821,source,-78.794823,34.296214,station,NC,CPLE
9822,source,-78.890678,34.949893,substation,NC,CPLE
9823,source,-78.981996,35.154032,substation,NC,CPLE
9824,sink,-78.991665,35.060466,station,NC,CPLE
9825,source,-77.98603,34.317406,station,NC,CPLE
9829,source,-77.860433,34.200115,station,NC,CPLE
9830,source,-77.826834,34.268878,station,NC,CPLE
9831,source,-77.89382,34.159744,substation,NC,CPLE
9832,sink,-77.828212,34.225553,station,NC,CPLE
9833,source,-77.872433,34.286247,station,NC,CPLE
9834,source,-77.886477,34.25078,station,NC,CPLE
9835,source,-77.87337,34.254423,station,NC,CPLE
9836,sink,-77.637029,34.784249,station,NC,CPLE
9837,source,-77.69018077,34.39127614,station,NC,CPLE
9838,source,-77.503538,34.798837,substation,NC,CPLE
9840,source,-79.143592,34.246085,joint,Outside of NC,CPLE
9841,source,-78.994821,34.270472,station,NC,CPLE
9846,source,-79.438444,34.760215,station,NC,CPLE
9849,source,-79.293338,34.555656,station,NC,CPLE
9850,source,-79.095412,34.592281,station,NC,CPLE
9851,source,-79.034545,34.564619,station,NC,CPLE
9852,source,-79.398108,34.744365,station,NC,CPLE
9858,source,-78.016885,36.074616,sub_station,NC,CPLE
9859,source,-78.392148,36.280579,substation,NC,CPLE
9862,sink,-76.781433,35.373247,station,NC,CPLE
9863,sink,-76.878414,35.293429,station,NC,CPLE
9864,source,-76.80586332,35.14839274,station,NC,CPLE
9865,source,-77.421754,35.617279,substation,NC,CPLE
9866,source,-76.83987129,35.14668214,station,NC,CPLE
9867,sink,-77.114339,35.153635,station,NC,CPLE
9868,source,-77.119159,35.474559,substation,NC,CPLE
9869,source,-77.975252,34.821986,substation,NC,CPLE
9870,source,-78.091309,35.008746,station,NC,CPLE
9871,source,-77.987565,34.885482,station,NC,CPLE
9872,source,-77.978757,34.817029,substation,NC,CPLE
9873,source,-77.697809,35.242268,sub_station,NC,CPLE
9874,source,-78.279907,35.058365,substation,NC,CPLE
9876,source,-78.109442,35.187009,station,NC,CPLE
9877,source,-78.603652,35.319572,station,NC,CPLE
9881,source,-79.533262,34.802287,station,NC,CPLE
9885,source,-78.969036,34.978501,station,NC,CPLE
9886,source,-79.684806,34.910536,substation,NC,CPLE
9887,source,-79.169121,34.929917,substation,NC,CPLE
9994,source,-79.458661,35.279832,station,NC,CPLE
9995,source,-79.183087,35.462252,station,NC,CPLE
10002,sink,-77.847916,35.803371,station,NC,CPLE
10009,source,-79.134748,35.466598,station,NC,CPLE
10012,sink,-79.402055,35.325717,sub_station,NC,CPLE
10013,source,-79.31093,35.399617,station,NC,CPLE
10014,source,-81.41003,35.721286,station,Outside of NC,DUK
10015,source,-79.08642536,35.81680057,station,NC,DUK
10016,source,-79.826575,35.362602,station,NC,CPLE
10017,source,-80.989114,35.779932,station,NC,DUK
10018,source,-81.948751,35.642999,sub_station,Outside of NC,CPLW
10019,source,-81.95545151,35.64365464,station,NC,CPLW
10029,source,-77.105882,35.838434,station,NC,PJM
10037,sink,-77.292412,35.811607,sub_station,NC,PJM
10038,source,-77.317953,35.806806,substation,NC,CPLE
10039,sink,-77.383885,35.79568,sub_station,NC,CPLE
10048,source,-77.40016,36.411234,station,NC,PJM
10051,source,-80.163599,35.089414,sub_station,NC,DUK
10052,source,-80.085043,34.992047,substation,NC,DUK
10053,sink,-77.6953,36.191352,substation,NC,CPLE
10054,sink,-77.660686,36.451631,substation,NC,CPLE
10058,source,-79.31949704,36.40812863,station,NC,DUK
10123,source,-76.226305,36.314015,station,NC,CPLE
10124,source,-75.700127,36.066547,station,NC,PJM
10125,source,-75.804526,36.084216,station,NC,PJM
10126,sink,-76.301394,36.272119,station,NC,PJM
10127,source,-75.910463,36.331044,station,NC,PJM
10707,source,-78.615096,36.296784,station,NC,DUK
10835,source,-81.121695,36.167804,sub_station,Outside of NC,DUK
10836,source,-81.135882,36.16553,sub_station,Outside of NC,DUK
10875,source,-79.707609,35.789455,station,NC,DUK
11742,source,-81.895078,35.34942,substation,Outside of NC,CPLW
11856,source,-77.818986,35.952235,substation,NC,CPLE
12162,source,-81.927834,35.721993,sub_station,Outside of NC,CPLW
12414,source,-78.28855832,35.79503009,substation,NC,CPLE
12417,sink,-77.110565,35.13667,sub_station,NC,CPLE
12430,source,-78.632319,35.769038,substation,NC,DUK
12432,source,-78.598414,35.76448,substation,NC,DUK
12439,source,-78.678307,35.775445,substation,NC,DUK
13301,source,-80.771278,34.729052,substation,Outside of NC,DUK
13431,source,-79.0665,35.897422,substation,NC,DUK
13780,source,-75.608015,35.920389,substation,NC,PJM
13841,source,-81.692947,35.720133,substation,Outside of NC,DUK
13843,source,-81.747379,35.728823,substation,Outside of NC,DUK
13956,source,-78.34334,35.010483,substation,NC,CPLE
14194,source,-81.437473,35.774539,substation,Outside of NC,DUK
14258,sink,-81.429252,35.770706,substation,Outside of NC,DUK
14283,source,-81.683168,35.739503,substation,Outside of NC,DUK
14301,sink,-81.676335,35.741975,substation,Outside of NC,DUK
14322,source,-81.407179,35.722729,substation,Outside of NC,DUK
14366,sink,-81.716291,35.751076,substation,Outside of NC,DUK
14521,sink,-81.526782,35.737166,substation,Outside of NC,DUK
14549,source,-78.844487,35.870927,substation,NC,DUK
14626,source,-79.7811634,35.36742093,substation,NC,CPLE
14783,sink,-81.723585,35.731705,substation,Outside of NC,DUK
15226,source,-79.113835,34.829228,substation,NC,CPLE
15511,source,-81.8133308,35.3900478,substation,NC,CPLW
15512,source,-81.81813,35.292426,substation,Outside of NC,CPLW
15622,source,-81.331523,35.766419,substation,Outside of NC,DUK
15626,source,-81.341438,35.714581,substation,Outside of NC,DUK
15628,source,-81.289837,35.653962,substation,Outside of NC,DUK
15629,sink,-81.365567,35.717519,substation,Outside of NC,DUK
15630,sink,-81.270657,35.611087,substation,Outside of NC,DUK
15632,sink,-81.240995,35.654426,substation,Outside of NC,DUK
15641,source,-80.29108,35.745911,plant,NC,DUK
15661,source,-81.983588,35.620257,substation,Outside of NC,CPLW
15662,sink,-81.97187663,35.50981729,substation,NC,CPLW
15664,source,-80.849947,36.280835,substation,NC,DUK
15666,sink,-80.92403,36.229787,substation,NC,DUK
15689,source,-79.893798,35.347972,substation,NC,CPLE
15690,source,-79.998107,35.325115,substation,NC,CPLE
15691,source,-80.062241,35.207469,substation,NC,CPLE
15692,source,-80.122088,35.402745,substation,NC,DUK
15775,source,-80.52216459,35.21680371,substation,NC,DUK
15776,source,-80.519821,35.219073,substation,NC,DUK
15777,source,-80.44387,35.253198,substation,NC,DUK
15782,source,-80.56274,34.992878,substation,NC,DUK
16162,sink,-78.94309428,36.01123771,substation,NC,DUK
16281,source,-81.526668,35.862491,substation,Outside of NC,DUK
16289,source,-81.837085,35.742321,substation,Outside of NC,DUK
16404,source,-77.844907,35.05134,substation,NC,CPLE
16490,source,-81.674838,35.726373,substation,Outside of NC,DUK
17072,sink,-78.331982,35.020077,substation,NC,CPLE
17163,sink,-78.018046,34.621453,substation,NC,CPLE
17329,source,-75.673925,36.006104,sub_station,NC,PJM
17632,source,-80.839894,35.415492,substation,NC,DUK
17633,source,-80.67492443,35.53442354,substation,NC,DUK
18280,source,-80.088763,34.763909,substation,Outside of NC,CPLE
18493,source,-78.344442,35.566354,joint,NC,CPLE
18688,source,-79.922722,34.973165,joint,NC,DUK
18689,source,-78.011872,33.960801,joint,NC,CPLE
18690,sink,-81.394848,35.753154,joint,Outside of NC,DUK
18691,source,-81.459481,35.797044,joint,Outside of NC,DUK
18692,source,-79.19543,36.515853,joint,NC,DUK
18693,source,-77.993321,35.088535,joint,NC,CPLE
18694,source,-80.290677,36.029031,joint,NC,DUK
18696,source,-78.64134,36.374054,joint,NC,DUK
18697,source,-77.082047,36.260093,joint,NC,PJM
18698,source,-79.183665,34.915322,joint,NC,CPLE
18699,source,-79.230755,35.481161,joint,NC,CPLE
18700,sink,-81.927557,35.722922,joint,Outside of NC,CPLW
18703,sink,-80.8534,35.416615,joint,NC,DUK
18704,source,-77.645435,36.483123,joint,NC,PJM
18705,sink,-79.034182,36.472623,joint,NC,DUK
18706,source,-79.708185,35.747186,joint,NC,DUK
18707,source,-79.747085,35.761003,joint,NC,DUK
18708,source,-79.624577,35.791316,joint,NC,DUK
18709,sink,-79.649394,35.748362,joint,NC,DUK
18710,source,-79.761216,35.741471,joint,NC,DUK
18865,source,-78.437822,36.299996,joint,NC,CPLE
18866,source,-78.487007,36.321519,joint,NC,CPLE
18867,source,-77.915774,36.476443,joint,NC,CPLE
18868,sink,-78.082852,35.220516,joint,NC,CPLE
18869,source,-77.841805,35.817673,joint,NC,CPLE
18870,sink,-80.62708,36.135016,joint,NC,DUK
18990,source,-77.565307,36.606383,joint,Outside of NC,PJM
18992,sink,-78.292137,36.596158,joint,Outside of NC,PJM
19221,source,-78.825456,35.750139,joint,NC,DUK
19222,sink,-78.944752,35.65586,joint,NC,DUK
19223,sink,-78.80174,35.797475,joint,NC,DUK
19224,sink,-78.766887,35.889796,joint,NC,DUK
19230,source,-78.685595,35.788088,joint,NC,DUK
19233,sink,-78.692485,35.807958,joint,NC,DUK
19358,source,-80.617234,36.446427,joint,NC,DUK
19634,source,-77.955035,34.147496,joint,NC,CPLE
20153,source,-79.049295,35.995728,joint,NC,DUK
20311,source,-77.656544,36.477205,joint,NC,CPLE
20562,source,-79.1038,36.474148,joint,NC,DUK
20880,source,-78.864004,36.094228,joint,NC,DUK
20881,source,-78.85105,36.103886,joint,NC,DUK
20882,sink,-78.827891,36.05139,joint,NC,DUK
20883,sink,-78.778485,36.125652,joint,NC,DUK
20895,source,-78.802593,36.070617,joint,NC,DUK
20896,source,-79.073608,36.479733,joint,NC,DUK
20897,sink,-78.802433,36.070939,joint,NC,DUK
21118,source,-78.85122,35.877012,joint,NC,DUK
21135,sink,-78.850191,35.883452,joint,NC,DUK
21284,source,-80.909992,35.426663,joint,NC,DUK
21285,sink,-80.878215,35.458035,joint,NC,DUK
22425,sink,-78.200906,36.565323,joint,Outside of NC,PJM
22426,source,-77.567983,36.479131,joint,NC,PJM
22427,sink,-77.565165,36.479896,joint,NC,PJM
22521,sink,-77.627706,36.463394,joint,NC,PJM
22537,source,-78.991424,34.596098,joint,NC,CPLE
22538,sink,-80.986376,35.229055,joint,NC,DUK
22539,source,-77.748152,36.038951,joint,NC,CPLE
22540,source,-77.752387,36.043051,joint,NC,CPLE
22541,source,-78.953542,36.439044,joint,NC,DUK
22542,source,-79.052474,36.475565,joint,NC,DUK
22543,sink,-79.071351,36.478793,joint,NC,DUK
22544,sink,-78.006235,33.946725,joint,NC,CPLE
22546,sink,-78.741,35.65046,joint,NC,DUK
22548,source,-78.558319,35.761699,joint,NC,DUK
22549,sink,-78.453969,35.784709,joint,NC,DUK
22589,sink,-78.378038,35.770762,joint,NC,DUK
22590,sink,-77.993149,35.773378,joint,NC,CPLE
22591,source,-78.710978,35.412374,joint,NC,CPLE
22592,source,-78.771812,35.564205,joint,NC,DUK
22602,sink,-80.610236,36.455661,joint,NC,DUK
22609,sink,-81.107527,36.163909,joint,Outside of NC,DUK
22611,source,-78.226311,34.324112,joint,NC,CPLE
22612,source,-78.970786,34.586702,joint,NC,CPLE
22779,sink,-78.863413,36.474591,joint,NC,DUK
22813,source,-78.839704,35.819534,joint,NC,DUK
22814,sink,-78.60302,35.895288,joint,NC,DUK
22815,source,-78.654254,35.909739,joint,NC,DUK
22816,sink,-78.717651,35.916263,joint,NC,DUK
22817,sink,-78.568589,35.93487,joint,NC,DUK
22818,sink,-78.506206,35.715651,joint,NC,DUK
22867,sink,-78.911799,35.009355,joint,NC,CPLE
22868,sink,-78.86908,35.117183,joint,NC,CPLE
23582,source,-77.346049,34.738643,joint,NC,CPLE
23583,sink,-77.360784,34.747693,joint,NC,CPLE
23584,source,-77.421803,34.770482,joint,NC,CPLE
23585,source,-77.424092,34.779723,joint,NC,CPLE
23586,sink,-77.427624,34.793933,joint,NC,CPLE
23596,source,-76.81036033,34.75253497,joint,NC,CPLE
23598,source,-77.16748,35.061626,joint,NC,CPLE
23599,sink,-77.169095,35.06289,joint,NC,CPLE
23600,source,-78.000887,35.284139,joint,NC,CPLE
23766,sink,-78.882501,34.960858,joint,NC,CPLE
23767,source,-78.972471,35.125911,joint,NC,CPLE
23768,sink,-77.993816,34.312102,joint,NC,CPLE
23769,sink,-77.881265,34.25508,joint,NC,CPLE
23770,sink,-77.880999,34.255143,joint,NC,CPLE
23771,source,-77.712778,34.403729,joint,NC,CPLE
23772,source,-77.487732,34.734517,joint,NC,CPLE
23773,source,-77.504177,34.799983,joint,NC,CPLE
23774,sink,-78.994845,34.269638,joint,NC,CPLE
23775,source,-79.5520352,34.68943962,joint,NC,CPLE
23776,source,-79.099727,34.583071,joint,NC,CPLE
23777,source,-79.260127,34.648942,joint,NC,CPLE
23778,sink,-79.3526,34.358743,joint,Outside of NC,CPLE
23779,source,-77.225964,34.812946,joint,NC,CPLE
23780,source,-77.187355,34.856228,joint,NC,CPLE
23781,sink,-77.144998,35.116197,joint,NC,CPLE
23782,source,-77.662161,35.222195,joint,NC,CPLE
23783,source,-76.840612,35.148661,joint,NC,CPLE
23784,source,-76.867588,35.294415,joint,NC,CPLE
23785,source,-76.811778,35.308084,joint,NC,CPLE
23786,sink,-77.334987,35.619867,joint,NC,CPLE
23787,sink,-77.359271,35.621434,joint,NC,CPLE
23788,sink,-77.977342,34.821065,joint,NC,CPLE
23789,sink,-78.116625,34.982491,joint,NC,CPLE
23790,source,-78.38894,35.22638,joint,NC,CPLE
23792,sink,-79.710648,34.918577,joint,NC,CPLE
23793,source,-78.979674,34.968033,joint,NC,CPLE
23842,source,-77.847472,35.805166,joint,NC,CPLE
23843,source,-77.822936,35.865664,joint,NC,CPLE
23844,source,-77.822054,35.867211,joint,NC,CPLE
23845,source,-77.821688,35.868695,joint,NC,CPLE
23846,source,-79.22961,35.464807,joint,NC,CPLE
23847,source,-79.151487,35.698655,joint,NC,DUK
23848,source,-79.440949,35.743204,joint,NC,DUK
23849,source,-79.731451,35.777574,joint,NC,DUK
23850,source,-79.725691,34.960807,joint,NC,CPLE
23854,source,-79.857371,34.646058,joint,Outside of NC,CPLE
23857,source,-79.019226,35.414731,joint,NC,CPLE
23858,sink,-80.054736,35.03165,joint,NC,DUK
23859,sink,-77.639056,36.457822,joint,NC,CPLE
23861,sink,-79.08414,36.47719,joint,NC,DUK
23900,source,-75.93825,36.323806,joint,NC,PJM
23901,source,-75.938489,36.324404,joint,NC,PJM
23902,sink,-75.939433,36.325694,joint,NC,PJM
24341,source,-81.120386,36.168544,joint,Outside of NC,DUK
25047,sink,-78.598974,35.7627,joint,NC,DUK
25052,sink,-78.686946,35.785545,joint,NC,DUK
25970,source,-81.727466,35.7223,joint,Outside of NC,DUK
26292,source,-78.850581,35.872631,joint,NC,DUK
26569,source,-81.662795,35.721039,joint,Outside of NC,DUK
26570,source,-81.662814,35.720998,joint,Outside of NC,DUK
26833,source,-80.790614,36.270348,joint,NC,DUK
26871,sink,-80.434383,35.224554,joint,NC,DUK
27690,sink,-81.644792,35.721466,joint,Outside of NC,DUK
27913,source,-80.902183,35.568563,joint,NC,DUK
27914,source,-80.902659,35.568695,joint,NC,DUK
27915,sink,-80.910356,35.580152,joint,NC,DUK
27917,source,-80.897067,35.550062,joint,NC,DUK
27918,source,-80.895686,35.545265,joint,NC,DUK
27919,source,-80.895191,35.548199,joint,NC,DUK
27920,source,-80.897123,35.548469,joint,NC,DUK
27921,sink,-80.897092,35.549307,joint,NC,DUK
27922,source,-80.892542,35.549762,joint,NC,DUK
27939,sink,-75.640219,35.976701,joint,NC,PJM
28211,sink,-79.596565,35.790675,merge,NC,DUK
28470,source,-80.946,35.421978,merge,NC,DUK
28471,source,-80.831778,35.383786,merge,NC,DUK
28501,source,-80.877615,35.249866,merge,NC,DUK
28502,source,-81.011149,35.190287,merge,NC,DUK
28505,sink,-81.07501,35.051528,joint,Outside of NC,DUK
28506,sink,-81.01126,35.052481,joint,Outside of NC,DUK
28509,sink,-79.016554,36.044858,merge,NC,DUK
28617,sink,-80.823707,36.878622,joint,Outside of NC,PJM
28635,sink,-79.348181,36.603504,joint,Outside of NC,PJM
28636,sink,-77.981491,36.49246,merge,NC,CPLE
28652,sink,-76.851827,35.297428,merge,NC,CPLE
28662,source,-78.974933,34.588796,merge,NC,CPLE
28663,source,-79.747284,34.842977,merge,NC,CPLE
28664,source,-80.97557,35.358434,merge,NC,DUK
28666,source,-77.984222,34.282587,merge,NC,CPLE
28667,source,-80.163644,36.171657,merge,NC,DUK
28668,sink,-77.93747,34.154022,merge,NC,CPLE
28669,source,-78.009985,33.958424,merge,NC,CPLE
28670,source,-79.165725,35.69952,merge,NC,DUK
28671,sink,-79.404688,35.70202,merge,NC,DUK
28673,source,-79.757935,34.904123,merge,NC,CPLE
28697,source,-80.992497,35.522249,merge,NC,DUK
28698,source,-80.61866,35.450776,merge,NC,DUK
28699,source,-80.739218,35.513952,merge,NC,DUK
28700,sink,-80.468958,35.549381,merge,NC,DUK
28702,sink,-80.356839,35.814984,merge,NC,DUK
28703,source,-80.303073,35.936313,merge,NC,DUK
28704,source,-80.221425,36.011572,merge,NC,DUK
28706,sink,-80.24435145,36.0783767,merge,NC,DUK
28707,source,-80.782979,36.261513,merge,NC,DUK
28710,sink,-79.635155,36.390208,merge,NC,DUK
28711,source,-78.930644,35.87165,merge,NC,DUK
28714,source,-81.367603,36.308564,merge,Outside of NC,DUK
28718,sink,-78.9826,35.156968,merge,NC,CPLE
28719,source,-78.431965,34.738031,merge,NC,CPLE
28766,source,-78.424042,36.309005,merge,NC,CPLE
28767,sink,-78.847439,35.847234,merge,NC,DUK
28770,source,-78.812093,35.725029,merge,NC,DUK
28771,sink,-78.840305,35.711556,merge,NC,DUK
28945,source,-76.944135,34.913603,merge,NC,CPLE
28946,sink,-77.352554,34.730747,merge,NC,CPLE
28947,sink,-77.252264,34.784592,merge,NC,CPLE
28951,sink,-76.80331517,34.74854124,merge,NC,CPLE
28953,source,-77.594485,35.608005,merge,NC,CPLE
28954,source,-77.862123,35.780815,merge,NC,CPLE
28955,sink,-77.432319,35.613652,merge,NC,CPLE
28990,sink,-78.699764,34.318754,merge,NC,CPLE
28991,sink,-78.971249,35.126668,merge,NC,CPLE
28993,sink,-77.87737,34.328786,merge,NC,CPLE
28994,sink,-77.45748461,34.72472525,merge,NC,CPLE
28995,sink,-79.406327,34.74806,merge,NC,CPLE
28998,sink,-77.833363,35.951523,merge,NC,CPLE
28999,sink,-78.3684893,35.25136911,merge,NC,CPLE
29001,source,-79.474431,34.765792,merge,NC,CPLE
29002,sink,-79.038241,35.141831,merge,NC,CPLE
29015,source,-79.049077,35.591857,merge,NC,DUK
29016,source,-79.530389,35.219815,merge,NC,CPLE
29017,source,-79.194332,35.492998,merge,NC,CPLE
29018,source,-79.796969,34.930796,merge,NC,CPLE
29019,sink,-79.76163,35.063089,merge,NC,CPLE
29020,sink,-79.734266,34.955779,merge,NC,CPLE
29021,source,-80.99242,35.771843,merge,NC,DUK
29023,sink,-76.908855,35.994013,merge,NC,PJM
29024,source,-79.919791,34.968566,merge,NC,DUK
29226,sink,-78.903217,36.00825,merge,NC,DUK
29239,source,-81.684471,35.737702,merge,Outside of NC,DUK
29240,source,-81.750585,35.732819,merge,Outside of NC,DUK
29255,sink,-81.55159,35.890371,merge,Outside of NC,DUK
29262,source,-78.589013,36.351946,merge,NC,DUK
29275,sink,-81.70323071,35.75353805,merge,NC,DUK
29284,sink,-81.661663,35.721383,merge,Outside of NC,DUK
29477,sink,-80.58292347,35.55949599,merge,NC,DUK
29630,source,-77.822513,35.867305,joint,NC,CPLE
29661,sink,-80.632286,36.43018,joint,NC,DUK
29803,source,-81.41589796,35.16651223,joint,NC,DUK
29872,source,-78.852994,36.175809,joint,NC,DUK
29873,source,-78.832841,36.134611,joint,NC,DUK
29874,sink,-78.853298,36.175718,joint,NC,DUK
29924,source,-77.404365,37.083702,joint,Outside of NC,PJM
29962,source,-80.902949,35.366484,joint,NC,DUK
29970,source,-76.971063,36.077755,joint,NC,PJM
29973,source,-79.047364,35.594228,joint,NC,DUK
29979,source,-79.034671,35.513581,joint,NC,CPLE
29980,sink,-77.10151,36.275535,joint,NC,PJM
29983,sink,-79.894704,35.347101,joint,NC,CPLE
30068,sink,-79.213879,35.477584,joint,NC,CPLE
30069,sink,-79.058179,35.587212,joint,NC,CPLE
30086,sink,-81.172237,36.205854,joint,Outside of NC,DUK
30087,sink,-81.132585,36.163322,joint,Outside of NC,DUK
30212,source,-81.637021,35.726668,joint,Outside of NC,DUK
30301,source,-79.042056,35.997614,joint,NC,DUK
30304,sink,-78.849097,36.11625,joint,NC,DUK
30401,source,-79.761867,34.903469,joint,NC,CPLE
30412,source,-81.322583,35.63173,joint,Outside of NC,DUK
30413,sink,-78.225078,34.32365,joint,NC,CPLE
30415,source,-80.994088,35.33102,joint,NC,DUK
30416,sink,-80.994871,35.343907,joint,NC,DUK
30421,source,-78.637123,36.356431,joint,NC,DUK
30518,sink,-78.978106,34.589671,joint,NC,CPLE
30522,source,-77.840008,35.821454,joint,NC,CPLE
30523,source,-77.814859,35.893808,joint,NC,CPLE
30524,sink,-79.745672,35.762569,joint,NC,DUK
30525,sink,-79.920579,34.971913,joint,NC,DUK
30630,source,-81.717119,35.72066,joint,Outside of NC,DUK
30640,source,-81.687859,35.73704,joint,Outside of NC,DUK
30852,sink,-81.43461659,35.16177969,joint,NC,DUK
30882,sink,-80.978529,35.356944,joint,NC,DUK
30890,sink,-81.015328,35.151471,joint,NC,DUK
30898,sink,-81.758272,35.225419,joint,Outside of NC,CPLW
30940,sink,-80.324575,35.738098,joint,NC,DUK
30941,sink,-80.101501,35.782896,joint,NC,DUK
30942,source,-78.843961,35.872833,joint,NC,DUK
30943,sink,-78.854493,35.873139,joint,NC,DUK
30944,source,-78.835938,35.882365,joint,NC,DUK
30949,sink,-76.998199,36.048057,joint,NC,PJM
30950,source,-80.832178,35.565908,joint,NC,DUK
31010,sink,-78.060499,35.305242,joint,NC,CPLE
31027,source,-80.614444,34.906952,joint,NC,DUK
31089,source,-81.682393,35.73536,joint,Outside of NC,DUK
31224,sink,-81.662689,35.720955,joint,Outside of NC,DUK
31267,sink,-80.374022,35.713715,joint,NC,DUK
